name,value,year,lastValue,rank
The Netherlands,152,1975,0,1
United Kingdom,138,1975,0,2
Italy,115,1975,0,3
France,91,1975,0,4
Luxembourg,84,1975,0,5
Switzerland,77,1975,0,6
Finland,74,1975,0,7
Sweden,72,1975,0,8
Ireland,68,1975,0,9
Spain,53,1975,0,10
Israel,40,1975,0,11
Malta,32,1975,0,12
Monaco,22,1975,0,13
Yugoslavia,22,1975,0,13
Belgium,17,1975,0,15
Portugal,16,1975,0,16
Germany,15,1975,0,17
Norway,11,1975,0,18
Turkey,3,1975,0,19
United Kingdom,302,1976,138,1
France,238,1976,91,2
The Netherlands,208,1976,152,3
Italy,184,1976,115,4
Switzerland,168,1976,77,5
Ireland,122,1976,68,6
Finland,118,1976,74,7
Israel,117,1976,40,8
Monaco,115,1976,22,9
Luxembourg,101,1976,84,10
Belgium,85,1976,17,11
Austria,80,1976,0,12
Spain,64,1976,53,13
Portugal,40,1976,16,14
Yugoslavia,32,1976,22,15
Germany,27,1976,15,16
Greece,20,1976,0,17
Norway,18,1976,11,18
United Kingdom,423,1977,302,1
France,374,1977,238,2
The Netherlands,243,1977,208,3
Ireland,241,1977,122,4
Switzerland,239,1977,168,5
Italy,217,1977,184,6
Monaco,211,1977,115,7
Finland,168,1977,118,8
Israel,166,1977,117,9
Belgium,154,1977,85,10
Luxembourg,118,1977,101,11
Spain,116,1977,64,12
Greece,112,1977,20,13
Austria,91,1977,80,14
Germany,82,1977,27,15
Sweden,74,1977,72,16
Portugal,58,1977,40,17
Norway,36,1977,18,18
France,493,1978,374,1
United Kingdom,484,1978,423,2
Ireland,327,1978,241,3
Israel,323,1978,166,4
Monaco,318,1978,211,5
Switzerland,304,1978,239,6
The Netherlands,280,1978,243,7
Belgium,279,1978,154,8
Italy,270,1978,217,9
Luxembourg,191,1978,118,10
Spain,181,1978,116,11
Greece,178,1978,112,12
Finland,170,1978,168,13
Germany,166,1978,82,14
Austria,105,1978,91,15
Sweden,100,1978,74,16
Portugal,63,1978,58,17
Norway,36,1978,36,18
Denmark,13,1978,0,19
Turkey,5,1978,3,20
France,599,1979,493,1
United Kingdom,557,1979,484,2
Israel,448,1979,323,3
Ireland,407,1979,327,4
Switzerland,364,1979,304,5
The Netherlands,331,1979,280,6
Monaco,330,1979,318,7
Italy,297,1979,270,8
Spain,297,1979,181,8
Belgium,284,1979,279,10
Germany,252,1979,166,11
Greece,247,1979,178,12
Luxembourg,235,1979,191,13
Finland,208,1979,170,14
Portugal,127,1979,63,15
Austria,110,1979,105,16
Sweden,108,1979,100,17
Norway,93,1979,36,18
Denmark,89,1979,13,19
United Kingdom,663,1980,557,1
France,644,1980,599,2
Ireland,550,1980,407,3
Switzerland,468,1980,364,4
The Netherlands,424,1980,331,5
Italy,384,1980,297,6
Germany,380,1980,252,7
Spain,335,1980,297,8
Belgium,298,1980,284,9
Luxembourg,291,1980,235,10
Greece,277,1980,247,11
Finland,214,1980,208,12
Portugal,198,1980,127,13
Austria,174,1980,110,14
Sweden,155,1980,108,15
Denmark,114,1980,89,16
Norway,108,1980,93,17
Turkey,28,1980,5,18
Morocco,7,1980,0,19
United Kingdom,799,1981,663,1
France,769,1981,644,2
Ireland,655,1981,550,3
Switzerland,589,1981,468,4
Germany,512,1981,380,5
Israel,504,1981,448,6
The Netherlands,475,1981,424,7
Spain,373,1981,335,8
Belgium,338,1981,298,9
Greece,332,1981,277,10
Luxembourg,332,1981,291,10
Finland,241,1981,214,12
Portugal,207,1981,198,13
Sweden,205,1981,155,14
Austria,194,1981,174,15
Denmark,155,1981,114,16
Norway,108,1981,108,17
Cyprus,69,1981,0,18
Yugoslavia,67,1981,32,19
Turkey,37,1981,28,20
United Kingdom,875,1982,799,1
Ireland,704,1982,655,2
Switzerland,686,1982,589,3
Germany,673,1982,512,4
Israel,604,1982,504,5
The Netherlands,483,1982,475,6
Belgium,434,1982,338,7
Spain,425,1982,373,8
Luxembourg,410,1982,332,9
Sweden,272,1982,205,10
Austria,251,1982,194,11
Finland,241,1982,241,12
Portugal,239,1982,207,13
Denmark,160,1982,155,14
Cyprus,154,1982,69,15
Norway,148,1982,108,16
Yugoslavia,88,1982,67,17
Turkey,57,1982,37,18
United Kingdom,954,1983,875,1
France,825,1983,769,2
Germany,767,1983,673,3
Israel,740,1983,604,4
Switzerland,714,1983,686,5
Luxembourg,552,1983,410,6
The Netherlands,549,1983,483,7
Belgium,447,1983,434,8
Italy,425,1983,384,9
Spain,425,1983,425,9
Sweden,398,1983,272,11
Greece,364,1983,332,12
Austria,304,1983,251,13
Finland,282,1983,241,14
Portugal,272,1983,239,15
Yugoslavia,213,1983,88,16
Norway,201,1983,148,17
Cyprus,180,1983,154,18
Denmark,176,1983,160,19
Turkey,57,1983,57,20
United Kingdom,1017,1984,954,1
France,886,1984,825,2
Ireland,841,1984,704,3
Germany,801,1984,767,4
Switzerland,744,1984,714,5
Luxembourg,591,1984,552,6
The Netherlands,583,1984,549,7
Sweden,543,1984,398,8
Spain,531,1984,425,9
Belgium,517,1984,447,10
Italy,495,1984,425,11
Finland,328,1984,282,12
Portugal,310,1984,272,13
Austria,309,1984,304,14
Denmark,277,1984,176,15
Yugoslavia,239,1984,213,16
Norway,230,1984,201,17
Cyprus,211,1984,180,18
Turkey,94,1984,57,19
United Kingdom,1117,1985,1017,1
France,942,1985,886,2
Ireland,932,1985,841,3
Germany,906,1985,801,4
Israel,833,1985,740,5
Switzerland,783,1985,744,6
Sweden,646,1985,543,7
Luxembourg,628,1985,591,8
Italy,573,1985,495,9
Spain,567,1985,531,10
Belgium,524,1985,517,11
Finland,386,1985,328,12
Greece,379,1985,364,13
Austria,369,1985,309,14
Norway,353,1985,230,15
Portugal,319,1985,310,16
Denmark,318,1985,277,17
Cyprus,226,1985,211,18
Turkey,130,1985,94,19
United Kingdom,1189,1986,1117,1
Ireland,1028,1986,932,2
Germany,968,1986,906,3
France,955,1986,942,4
Switzerland,923,1986,783,5
Israel,840,1986,833,6
Luxembourg,745,1986,628,7
Sweden,724,1986,646,8
Belgium,700,1986,524,9
The Netherlands,623,1986,583,10
Spain,618,1986,567,11
Finland,408,1986,386,12
Norway,397,1986,353,13
Denmark,395,1986,318,14
Austria,381,1986,369,15
Portugal,347,1986,319,16
Yugoslavia,288,1986,239,17
Cyprus,230,1986,226,18
Turkey,183,1986,130,19
Iceland,19,1986,0,20
United Kingdom,1236,1987,1189,1
Ireland,1200,1987,1028,2
Germany,1109,1987,968,3
France,999,1987,955,4
Switzerland,949,1987,923,5
Israel,913,1987,840,6
Sweden,774,1987,724,7
Belgium,756,1987,700,8
Luxembourg,749,1987,745,9
The Netherlands,706,1987,623,10
Italy,676,1987,573,11
Spain,628,1987,618,12
Denmark,478,1987,395,13
Norway,462,1987,397,14
Greece,443,1987,379,15
Finland,440,1987,408,16
Austria,389,1987,381,17
Yugoslavia,380,1987,288,18
Portugal,362,1987,347,19
Cyprus,310,1987,230,20
Turkey,183,1987,183,21
Iceland,47,1987,19,22
United Kingdom,1372,1988,1236,1
Ireland,1279,1988,1200,2
Germany,1157,1988,1109,3
Switzerland,1086,1988,949,4
France,1063,1988,999,5
Israel,998,1988,913,6
Luxembourg,839,1988,749,7
Sweden,826,1988,774,8
The Netherlands,776,1988,706,9
Belgium,761,1988,756,10
Italy,728,1988,676,11
Spain,686,1988,628,12
Denmark,570,1988,478,13
Norway,550,1988,462,14
Yugoslavia,467,1988,380,15
Greece,453,1988,443,16
Finland,443,1988,440,17
Austria,389,1988,389,18
Portugal,367,1988,362,19
Turkey,220,1988,183,20
Iceland,67,1988,47,21
United Kingdom,1502,1989,1372,1
Ireland,1300,1989,1279,2
Germany,1203,1989,1157,3
Switzerland,1133,1989,1086,4
France,1123,1989,1063,5
Israel,1048,1989,998,6
Sweden,936,1989,826,7
Luxembourg,847,1989,839,8
The Netherlands,821,1989,776,9
Italy,784,1989,728,10
Belgium,774,1989,761,11
Spain,774,1989,686,11
Denmark,681,1989,570,13
Yugoslavia,604,1989,467,14
Norway,580,1989,550,15
Finland,519,1989,443,16
Greece,509,1989,453,17
Austria,486,1989,389,18
Portugal,406,1989,367,19
Cyprus,361,1989,310,20
Turkey,225,1989,220,21
Iceland,67,1989,67,22
United Kingdom,1589,1990,1502,1
Ireland,1432,1990,1300,2
Germany,1263,1990,1203,3
France,1255,1990,1123,4
Switzerland,1184,1990,1133,5
Israel,1064,1990,1048,6
Sweden,960,1990,936,7
Italy,933,1990,784,8
Luxembourg,885,1990,847,9
Spain,870,1990,774,10
The Netherlands,846,1990,821,11
Belgium,820,1990,774,12
Denmark,745,1990,681,13
Yugoslavia,685,1990,604,14
Norway,588,1990,580,15
Austria,544,1990,486,16
Finland,527,1990,519,17
Greece,520,1990,509,18
Portugal,415,1990,406,19
Cyprus,397,1990,361,20
Turkey,246,1990,225,21
Iceland,191,1990,67,22
United Kingdom,1636,1991,1589,1
Ireland,1479,1991,1432,2
France,1401,1991,1255,3
Switzerland,1302,1991,1184,4
Germany,1273,1991,1263,5
Israel,1203,1991,1064,6
Sweden,1106,1991,960,7
Italy,1022,1991,933,8
Spain,989,1991,870,9
Luxembourg,914,1991,885,10
Belgium,843,1991,820,11
Denmark,753,1991,745,12
Yugoslavia,686,1991,685,13
Norway,602,1991,588,14
Greece,556,1991,520,15
Austria,544,1991,544,16
Finland,533,1991,527,17
Portugal,477,1991,415,18
Cyprus,457,1991,397,19
Turkey,290,1991,246,20
Iceland,217,1991,191,21
Malta,138,1991,32,22
United Kingdom,1775,1992,1636,1
Ireland,1634,1992,1479,2
France,1474,1992,1401,3
Switzerland,1334,1992,1302,4
Germany,1300,1992,1273,5
Israel,1288,1992,1203,6
Italy,1133,1992,1022,7
Sweden,1115,1992,1106,8
Spain,1026,1992,989,9
Luxembourg,924,1992,914,10
The Netherlands,913,1992,846,11
Belgium,854,1992,843,12
Denmark,800,1992,753,13
Yugoslavia,730,1992,686,14
Greece,650,1992,556,15
Norway,625,1992,602,16
Austria,607,1992,544,17
Finland,537,1992,533,18
Cyprus,514,1992,457,19
Portugal,503,1992,477,20
Turkey,307,1992,290,21
Iceland,297,1992,217,22
Malta,261,1992,138,23
United Kingdom,1939,1993,1775,1
Ireland,1821,1993,1634,2
France,1595,1993,1474,3
Switzerland,1482,1993,1334,4
Germany,1318,1993,1300,5
Israel,1292,1993,1288,6
Sweden,1204,1993,1115,7
Italy,1178,1993,1133,8
Spain,1084,1993,1026,9
The Netherlands,1005,1993,913,10
Luxembourg,935,1993,924,11
Belgium,857,1993,854,12
Denmark,809,1993,800,13
Norway,745,1993,625,14
Greece,714,1993,650,15
Austria,639,1993,607,16
Portugal,563,1993,503,17
Finland,557,1993,537,18
Cyprus,531,1993,514,19
Iceland,339,1993,297,20
Malta,330,1993,261,21
Turkey,317,1993,307,22
Croatia,31,1993,0,23
Bosnia & Herzegovina,27,1993,0,24
Slovenia,9,1993,0,25
Ireland,2047,1994,1821,1
United Kingdom,2002,1994,1939,2
France,1669,1994,1595,3
Switzerland,1497,1994,1482,4
Germany,1446,1994,1318,5
Sweden,1252,1994,1204,6
Spain,1101,1994,1084,7
The Netherlands,1009,1994,1005,8
Norway,821,1994,745,9
Greece,758,1994,714,10
Austria,658,1994,639,11
Portugal,636,1994,563,12
Cyprus,582,1994,531,13
Finland,568,1994,557,14
Malta,427,1994,330,15
Iceland,388,1994,339,16
Poland,166,1994,0,17
Hungary,122,1994,0,18
Russia,70,1994,0,19
Bosnia & Herzegovina,66,1994,27,20
Croatia,58,1994,31,21
Slovakia,15,1994,0,22
Romania,14,1994,0,23
Estonia,2,1994,0,24
Lithuania,0,1994,0,25
Ireland,2091,1995,2047,1
United Kingdom,2078,1995,2002,2
France,1763,1995,1669,3
Germany,1447,1995,1446,4
Israel,1373,1995,1292,5
Sweden,1352,1995,1252,6
Spain,1220,1995,1101,7
Norway,969,1995,821,8
Denmark,901,1995,809,9
Belgium,865,1995,857,10
Greece,826,1995,758,11
Austria,725,1995,658,12
Cyprus,661,1995,582,13
Portugal,641,1995,636,14
Malta,503,1995,427,15
Iceland,419,1995,388,16
Turkey,338,1995,317,17
Poland,181,1995,166,18
Croatia,149,1995,58,19
Hungary,125,1995,122,20
Slovenia,93,1995,9,21
Russia,87,1995,70,22
Bosnia & Herzegovina,80,1995,66,23
Ireland,2253,1996,2091,1
United Kingdom,2155,1996,2078,2
France,1781,1996,1763,3
Switzerland,1519,1996,1497,4
Sweden,1452,1996,1352,5
Spain,1237,1996,1220,6
The Netherlands,1087,1996,1009,7
Norway,1083,1996,969,8
Belgium,887,1996,865,9
Greece,862,1996,826,10
Austria,793,1996,725,11
Cyprus,733,1996,661,12
Portugal,733,1996,641,12
Finland,577,1996,568,14
Malta,571,1996,503,15
Iceland,470,1996,419,16
Turkey,395,1996,338,17
Croatia,247,1996,149,18
Poland,212,1996,181,19
Slovenia,109,1996,93,20
Estonia,96,1996,2,21
Bosnia & Herzegovina,93,1996,80,22
Slovakia,34,1996,15,23
Ireland,2410,1997,2253,1
United Kingdom,2382,1997,2155,2
France,1876,1997,1781,3
Switzerland,1524,1997,1519,4
Sweden,1488,1997,1452,5
Germany,1469,1997,1447,6
Spain,1333,1997,1237,7
Italy,1292,1997,1178,8
The Netherlands,1092,1997,1087,9
Norway,1083,1997,1083,10
Denmark,926,1997,901,11
Greece,901,1997,862,12
Cyprus,831,1997,733,13
Austria,805,1997,793,14
Portugal,733,1997,733,15
Malta,637,1997,571,16
Turkey,516,1997,395,17
Iceland,488,1997,470,18
Croatia,271,1997,247,19
Poland,266,1997,212,20
Estonia,178,1997,96,21
Slovenia,169,1997,109,22
Hungary,164,1997,125,23
Russia,120,1997,87,24
Bosnia & Herzegovina,115,1997,93,25
United Kingdom,2548,1998,2382,1
Ireland,2474,1998,2410,2
France,1879,1998,1876,3
Germany,1555,1998,1469,4
Israel,1545,1998,1373,5
Sweden,1541,1998,1488,6
Switzerland,1524,1998,1524,7
Spain,1354,1998,1333,8
The Netherlands,1242,1998,1092,9
Norway,1162,1998,1083,10
Belgium,1009,1998,887,11
Greece,913,1998,901,12
Cyprus,868,1998,831,13
Malta,802,1998,637,14
Portugal,769,1998,733,15
Finland,599,1998,577,16
Turkey,541,1998,516,17
Croatia,402,1998,271,18
Poland,285,1998,266,19
Estonia,214,1998,178,20
Slovenia,186,1998,169,21
Hungary,168,1998,164,22
Slovakia,42,1998,34,23
Romania,20,1998,14,24
F.Y.R. Macedonia,16,1998,0,25
United Kingdom,2586,1999,2548,1
Ireland,2492,1999,2474,2
France,1893,1999,1879,3
Sweden,1704,1999,1541,4
Germany,1695,1999,1555,5
Israel,1638,1999,1545,6
Spain,1355,1999,1354,7
The Netherlands,1313,1999,1242,8
Norway,1197,1999,1162,9
Belgium,1047,1999,1009,10
Denmark,997,1999,926,11
Austria,870,1999,805,12
Cyprus,870,1999,868,12
Malta,834,1999,802,14
Portugal,781,1999,769,15
Iceland,634,1999,488,16
Turkey,562,1999,541,17
Croatia,520,1999,402,18
Estonia,304,1999,214,19
Poland,302,1999,285,20
Slovenia,236,1999,186,21
Bosnia & Herzegovina,201,1999,115,22
Lithuania,13,1999,0,23
United Kingdom,2614,2000,2586,1
Ireland,2584,2000,2492,2
France,1898,2000,1893,3
Sweden,1792,2000,1704,4
Germany,1791,2000,1695,5
Israel,1645,2000,1638,6
Switzerland,1538,2000,1524,7
Spain,1373,2000,1355,8
The Netherlands,1353,2000,1313,9
Norway,1254,2000,1197,10
Denmark,1192,2000,997,11
Belgium,1049,2000,1047,12
Malta,907,2000,834,13
Austria,904,2000,870,14
Cyprus,878,2000,870,15
Iceland,679,2000,634,16
Turkey,621,2000,562,17
Finland,617,2000,599,18
Croatia,590,2000,520,19
Estonia,402,2000,304,20
Russia,275,2000,120,21
Latvia,136,2000,0,22
F.Y.R. Macedonia,45,2000,16,23
Romania,45,2000,20,23
United Kingdom,2642,2001,2614,1
Ireland,2590,2001,2584,2
France,2040,2001,1898,3
Sweden,1892,2001,1792,4
Germany,1857,2001,1791,5
Israel,1670,2001,1645,6
Spain,1449,2001,1373,7
Denmark,1369,2001,1192,8
The Netherlands,1369,2001,1353,8
Norway,1257,2001,1254,10
Greece,1060,2001,913,11
Malta,955,2001,907,12
Portugal,799,2001,781,13
Iceland,682,2001,679,14
Turkey,662,2001,621,15
Croatia,632,2001,590,16
Estonia,600,2001,402,17
Poland,313,2001,302,18
Russia,312,2001,275,19
Slovenia,306,2001,236,20
Bosnia & Herzegovina,230,2001,201,21
Latvia,152,2001,136,22
Lithuania,48,2001,13,23
United Kingdom,2753,2002,2642,1
France,2144,2002,2040,2
Sweden,1964,2002,1892,3
Germany,1874,2002,1857,4
Israel,1707,2002,1670,5
Switzerland,1553,2002,1538,6
Spain,1530,2002,1449,7
Denmark,1376,2002,1369,8
Malta,1119,2002,955,9
Greece,1087,2002,1060,10
Belgium,1082,2002,1049,11
Cyprus,963,2002,878,12
Austria,930,2002,904,13
Estonia,711,2002,600,14
Turkey,691,2002,662,15
Croatia,676,2002,632,16
Finland,641,2002,617,17
Russia,367,2002,312,18
Slovenia,339,2002,306,19
Latvia,328,2002,152,20
Bosnia & Herzegovina,263,2002,230,21
Romania,116,2002,45,22
F.Y.R. Macedonia,70,2002,45,23
Lithuania,60,2002,48,24
United Kingdom,2753,2003,2753,1
Ireland,2643,2003,2590,2
France,2163,2003,2144,3
Sweden,2071,2003,1964,4
Germany,1927,2003,1874,5
Israel,1724,2003,1707,6
Spain,1611,2003,1530,7
The Netherlands,1414,2003,1369,8
Norway,1380,2003,1257,9
Belgium,1247,2003,1082,10
Malta,1123,2003,1119,11
Greece,1112,2003,1087,12
Austria,1031,2003,930,13
Cyprus,978,2003,963,14
Turkey,858,2003,691,15
Portugal,812,2003,799,16
Iceland,763,2003,682,17
Estonia,725,2003,711,18
Croatia,705,2003,676,19
Russia,531,2003,367,20
Poland,403,2003,313,21
Slovenia,346,2003,339,22
Bosnia & Herzegovina,290,2003,263,23
Romania,189,2003,116,24
Lithuania,65,2003,60,25
Ukraine,30,2003,0,26
United Kingdom,2782,2004,2753,1
Ireland,2650,2004,2643,2
Sweden,2241,2004,2071,3
France,2203,2004,2163,4
Germany,2020,2004,1927,5
Spain,1698,2004,1611,6
The Netherlands,1425,2004,1414,7
Norway,1383,2004,1380,8
Greece,1364,2004,1112,9
Belgium,1254,2004,1247,10
Malta,1173,2004,1123,11
Cyprus,1148,2004,978,12
Turkey,1053,2004,858,13
Austria,1040,2004,1031,14
Iceland,779,2004,763,15
Croatia,755,2004,705,16
Russia,598,2004,531,17
Poland,430,2004,403,18
Bosnia & Herzegovina,381,2004,290,19
Ukraine,310,2004,30,20
Serbia & Montenegro,263,2004,0,21
Romania,207,2004,189,22
F.Y.R. Macedonia,117,2004,70,23
Albania,106,2004,0,24
United Kingdom,2800,2005,2782,1
Sweden,2271,2005,2241,2
France,2214,2005,2203,3
Germany,2024,2005,2020,4
Israel,1878,2005,1724,5
Spain,1726,2005,1698,6
Switzerland,1681,2005,1553,7
Greece,1594,2005,1364,8
Norway,1508,2005,1383,9
Denmark,1501,2005,1376,10
Malta,1365,2005,1173,11
Cyprus,1194,2005,1148,12
Turkey,1145,2005,1053,13
Croatia,870,2005,755,14
Russia,655,2005,598,15
Latvia,481,2005,328,16
Bosnia & Herzegovina,460,2005,381,17
Serbia & Montenegro,400,2005,263,18
Romania,365,2005,207,19
Ukraine,340,2005,310,20
Hungary,265,2005,168,21
F.Y.R. Macedonia,169,2005,117,22
Albania,159,2005,106,23
Moldova,148,2005,0,24
United Kingdom,2825,2006,2800,1
Ireland,2743,2006,2650,2
Sweden,2441,2006,2271,3
France,2219,2006,2214,4
Germany,2060,2006,2024,5
Israel,1882,2006,1878,6
Spain,1744,2006,1726,7
Greece,1722,2006,1594,8
Switzerland,1711,2006,1681,9
Norway,1544,2006,1508,10
Denmark,1527,2006,1501,11
Malta,1366,2006,1365,12
Turkey,1236,2006,1145,13
Finland,933,2006,641,14
Croatia,926,2006,870,15
Russia,903,2006,655,16
Bosnia & Herzegovina,689,2006,460,17
Romania,537,2006,365,18
Latvia,511,2006,481,19
Ukraine,485,2006,340,20
Lithuania,227,2006,65,21
F.Y.R. Macedonia,225,2006,169,22
Moldova,170,2006,148,23
Armenia,129,2006,0,24
United Kingdom,2844,2007,2825,1
Ireland,2748,2007,2743,2
Sweden,2492,2007,2441,3
France,2238,2007,2219,4
Germany,2109,2007,2060,5
Greece,1861,2007,1722,6
Spain,1787,2007,1744,7
Turkey,1399,2007,1236,8
Russia,1110,2007,903,9
Finland,986,2007,933,10
Bosnia & Herzegovina,795,2007,689,11
Ukraine,720,2007,485,12
Romania,621,2007,537,13
Latvia,565,2007,511,14
Slovenia,412,2007,346,15
Hungary,393,2007,265,16
F.Y.R. Macedonia,298,2007,225,17
Moldova,279,2007,170,18
Serbia,268,2007,0,19
Armenia,267,2007,129,20
Lithuania,255,2007,227,21
Bulgaria,157,2007,0,22
Belarus,145,2007,0,23
Georgia,97,2007,0,24
United Kingdom,2858,2008,2844,1
Sweden,2539,2008,2492,2
France,2285,2008,2238,3
Germany,2123,2008,2109,4
Greece,2079,2008,1861,5
Israel,2006,2008,1882,6
Spain,1842,2008,1787,7
Norway,1726,2008,1544,8
Denmark,1587,2008,1527,9
Turkey,1537,2008,1399,10
Russia,1382,2008,1110,11
Finland,1021,2008,986,12
Croatia,970,2008,926,13
Ukraine,950,2008,720,14
Bosnia & Herzegovina,905,2008,795,15
Portugal,881,2008,812,16
Iceland,843,2008,779,17
Romania,666,2008,621,18
Latvia,648,2008,565,19
Armenia,466,2008,267,20
Poland,444,2008,430,21
Serbia,428,2008,268,22
Albania,214,2008,159,23
Georgia,180,2008,97,24
Azerbaijan,132,2008,0,25
United Kingdom,3031,2009,2858,1
Sweden,2572,2009,2539,2
France,2392,2009,2285,3
Greece,2199,2009,2079,4
Germany,2158,2009,2123,5
Norway,2113,2009,1726,6
Israel,2059,2009,2006,7
Spain,1865,2009,1842,8
Turkey,1714,2009,1537,9
Denmark,1661,2009,1587,10
Russia,1473,2009,1382,11
Malta,1397,2009,1366,12
Iceland,1061,2009,843,13
Finland,1043,2009,1021,14
Ukraine,1026,2009,950,15
Croatia,1015,2009,970,16
Bosnia & Herzegovina,1011,2009,905,17
Portugal,938,2009,881,18
Estonia,854,2009,725,19
Romania,706,2009,666,20
Armenia,558,2009,466,21
Moldova,348,2009,279,22
Azerbaijan,339,2009,132,23
Lithuania,278,2009,255,24
Albania,262,2009,214,25
United Kingdom,3041,2010,3031,1
Ireland,2773,2010,2748,2
France,2474,2010,2392,3
Germany,2404,2010,2158,4
Greece,2339,2010,2199,5
Norway,2148,2010,2113,6
Israel,2130,2010,2059,7
Spain,1933,2010,1865,8
Turkey,1884,2010,1714,9
Denmark,1810,2010,1661,10
Russia,1563,2010,1473,11
Belgium,1397,2010,1254,12
Cyprus,1221,2010,1194,13
Ukraine,1134,2010,1026,14
Iceland,1102,2010,1061,15
Bosnia & Herzegovina,1062,2010,1011,16
Portugal,981,2010,938,17
Romania,868,2010,706,18
Armenia,699,2010,558,19
Serbia,500,2010,428,20
Azerbaijan,484,2010,339,21
Moldova,375,2010,348,22
Albania,324,2010,262,23
Georgia,316,2010,180,24
Belarus,163,2010,145,25
United Kingdom,3141,2011,3041,1
Ireland,2892,2011,2773,2
Sweden,2757,2011,2572,3
France,2556,2011,2474,4
Germany,2511,2011,2404,5
Greece,2459,2011,2339,6
Spain,1983,2011,1933,7
Denmark,1944,2011,1810,8
Switzerland,1730,2011,1711,9
Russia,1640,2011,1563,10
Italy,1481,2011,1292,11
Ukraine,1293,2011,1134,12
Bosnia & Herzegovina,1187,2011,1062,13
Iceland,1163,2011,1102,14
Austria,1104,2011,1040,15
Finland,1100,2011,1043,16
Romania,945,2011,868,17
Estonia,898,2011,854,18
Azerbaijan,705,2011,484,19
Serbia,585,2011,500,20
Slovenia,508,2011,412,21
Moldova,472,2011,375,22
Hungary,446,2011,393,23
Georgia,426,2011,316,24
Lithuania,341,2011,278,25
United Kingdom,3153,2012,3141,1
Sweden,3129,2012,2757,2
Ireland,2938,2012,2892,3
Germany,2621,2012,2511,4
France,2577,2012,2556,5
Greece,2523,2012,2459,6
Norway,2155,2012,2148,7
Spain,2080,2012,1983,8
Turkey,1996,2012,1884,9
Denmark,1965,2012,1944,10
Russia,1899,2012,1640,11
Italy,1582,2012,1481,12
Malta,1438,2012,1397,13
Ukraine,1358,2012,1293,14
Cyprus,1286,2012,1221,15
Bosnia & Herzegovina,1242,2012,1187,16
Iceland,1209,2012,1163,17
Estonia,1018,2012,898,18
Romania,1016,2012,945,19
Azerbaijan,855,2012,705,20
Serbia,799,2012,585,21
Moldova,553,2012,472,22
Albania,470,2012,324,23
Hungary,465,2012,446,24
Lithuania,411,2012,341,25
F.Y.R. Macedonia,369,2012,298,26
Sweden,3191,2013,3129,1
United Kingdom,3176,2013,3153,2
Ireland,2943,2013,2938,3
Greece,2675,2013,2523,4
Germany,2639,2013,2621,5
France,2591,2013,2577,6
Norway,2346,2013,2155,7
Denmark,2246,2013,1965,8
Spain,2088,2013,2080,9
Russia,2073,2013,1899,10
Italy,1708,2013,1582,11
Ukraine,1572,2013,1358,12
Malta,1558,2013,1438,13
The Netherlands,1539,2013,1425,14
Belgium,1468,2013,1397,15
Iceland,1256,2013,1209,16
Finland,1113,2013,1100,17
Azerbaijan,1089,2013,855,18
Romania,1081,2013,1016,19
Estonia,1037,2013,1018,20
Armenia,740,2013,699,21
Moldova,624,2013,553,22
Hungary,549,2013,465,23
Georgia,476,2013,426,24
Lithuania,428,2013,411,25
Belarus,211,2013,163,26
Sweden,3409,2014,3191,1
United Kingdom,3216,2014,3176,2
Greece,2710,2014,2675,3
Germany,2678,2014,2639,4
France,2593,2014,2591,5
Norway,2434,2014,2346,6
Denmark,2320,2014,2246,7
Russia,2162,2014,2073,8
Spain,2162,2014,2088,8
Switzerland,1794,2014,1730,10
The Netherlands,1777,2014,1539,11
Italy,1741,2014,1708,12
Ukraine,1685,2014,1572,13
Malta,1590,2014,1558,14
Austria,1394,2014,1104,15
Iceland,1314,2014,1256,16
Finland,1185,2014,1113,17
Romania,1153,2014,1081,18
Azerbaijan,1122,2014,1089,19
Armenia,914,2014,740,20
Hungary,692,2014,549,21
Slovenia,517,2014,508,22
Poland,506,2014,444,23
Belarus,254,2014,211,24
Montenegro,37,2014,0,25
San Marino,14,2014,0,26
Sweden,3774,2015,3409,1
United Kingdom,3221,2015,3216,2
Greece,2733,2015,2710,3
Germany,2678,2015,2678,4
France,2597,2015,2593,5
Norway,2536,2015,2434,6
Russia,2465,2015,2162,7
Israel,2227,2015,2130,8
Spain,2177,2015,2162,9
Italy,2033,2015,1741,10
Belgium,1685,2015,1468,11
Austria,1394,2015,1394,12
Cyprus,1297,2015,1286,13
Romania,1188,2015,1153,14
Azerbaijan,1171,2015,1122,15
Estonia,1143,2015,1037,16
Armenia,948,2015,914,17
Serbia,852,2015,799,18
Latvia,834,2015,648,19
Hungary,711,2015,692,20
Slovenia,556,2015,517,21
Georgia,527,2015,476,22
Poland,516,2015,506,23
Albania,504,2015,470,24
Lithuania,458,2015,428,25
Australia,196,2015,0,26
Montenegro,81,2015,37,27
Sweden,4035,2016,3774,1
United Kingdom,3283,2016,3221,2
Russia,2956,2016,2465,3
France,2854,2016,2597,4
Germany,2689,2016,2678,5
Israel,2362,2016,2227,6
Spain,2254,2016,2177,7
Ukraine,2219,2016,1685,8
Italy,2157,2016,2033,9
The Netherlands,1930,2016,1777,10
Belgium,1866,2016,1685,11
Malta,1743,2016,1590,12
Austria,1545,2016,1394,13
Cyprus,1393,2016,1297,14
Azerbaijan,1288,2016,1171,15
Armenia,1197,2016,948,16
Croatia,1088,2016,1015,17
Serbia,967,2016,852,18
Latvia,966,2016,834,19
Hungary,819,2016,711,20
Poland,745,2016,516,21
Australia,707,2016,196,22
Lithuania,658,2016,458,23
Georgia,631,2016,527,24
Bulgaria,464,2016,157,25
Czech Republic,41,2016,0,26
Sweden,4379,2017,4035,1
United Kingdom,3394,2017,3283,2
France,2989,2017,2854,3
Greece,2810,2017,2733,4
Germany,2695,2017,2689,5
Norway,2694,2017,2536,6
Italy,2491,2017,2157,7
Israel,2401,2017,2362,8
Denmark,2397,2017,2320,9
Spain,2259,2017,2254,10
Ukraine,2255,2017,2219,11
Belgium,2229,2017,1866,12
The Netherlands,2080,2017,1930,13
Portugal,1739,2017,981,14
Austria,1638,2017,1545,15
Romania,1470,2017,1188,16
Cyprus,1461,2017,1393,17
Azerbaijan,1408,2017,1288,18
Armenia,1276,2017,1197,19
Croatia,1216,2017,1088,20
Bulgaria,1079,2017,464,21
Hungary,1019,2017,819,22
Moldova,998,2017,624,23
Poland,809,2017,745,24
Belarus,337,2017,254,25
Australia,173,2017,707,26
Sweden,4653,2018,4379,1
United Kingdom,3442,2018,3394,2
France,3162,2018,2989,3
Ireland,3079,2018,2943,4
Germany,3035,2018,2695,5
Israel,2930,2018,2401,6
Norway,2838,2018,2694,7
Italy,2799,2018,2491,8
Denmark,2623,2018,2397,9
Ukraine,2385,2018,2255,10
Spain,2320,2018,2259,11
The Netherlands,2201,2018,2080,12
Austria,1980,2018,1638,13
Cyprus,1897,2018,1461,14
Portugal,1778,2018,1739,15
Estonia,1388,2018,1143,16
Bulgaria,1245,2018,1079,17
Finland,1231,2018,1185,18
Moldova,1207,2018,998,19
Hungary,1112,2018,1019,20
Serbia,1080,2018,967,21
Lithuania,839,2018,658,22
Albania,688,2018,504,23
Slovenia,620,2018,556,24
Czech Republic,322,2018,41,25
Australia,272,2018,173,26
Sweden,4983,2019,4653,1
United Kingdom,3456,2019,3442,2
Russia,3309,2019,2956,3
France,3262,2019,3162,4
Italy,3260,2019,2799,5
Norway,3172,2019,2838,6
Germany,3067,2019,3035,7
Israel,2976,2019,2930,8
Greece,2881,2019,2810,9
Denmark,2737,2019,2623,10
The Netherlands,2693,2019,2201,11
Spain,2378,2019,2320,12
Switzerland,2150,2019,1794,13
Cyprus,1994,2019,1897,14
Malta,1834,2019,1743,15
Azerbaijan,1699,2019,1408,16
Iceland,1545,2019,1314,17
Estonia,1469,2019,1388,18
Serbia,1171,2019,1080,19
Albania,776,2019,688,20
Slovenia,723,2019,620,21
Czech Republic,474,2019,322,22
Belarus,365,2019,337,23
North Macedonia,292,2019,0,24
Australia,282,2019,272,25
San Marino,92,2019,14,26
